_data,timestamp
-0.054,1741689318184805567
-0.054,1741689318207330549
-0.054,1741689318388054196
-0.054,1741689318441201608
-0.052,1741689318442337355
-0.052,1741689318460990815
-0.052,1741689318535409150
-0.052,1741689318555190402
-0.054,1741689318564372151
-0.054,1741689318604124661
-0.054,1741689318827654830
-0.054,1741689318910714711
-0.052,1741689318911442564
-0.052,1741689319103768694
-0.055,1741689319107216312
-0.053,1741689319124225803
-0.056,1741689319164671622
-0.056,1741689319206906343
-0.055,1741689319249047358
-0.055,1741689319284535862
-0.055,1741689319324317578
-0.059,1741689319582555128
-0.059,1741689319583246793
-0.054,1741689319604583299
-0.052,1741689319649469155
-0.052,1741689319684549706
-0.052,1741689319723762937
-0.052,1741689319764104090
-0.052,1741689320398006675
-0.051,1741689320398994716
-0.054,1741689320412378135
-0.05,1741689320447887558
-0.05,1741689320499692826
-0.05,1741689320523991029
-0.053,1741689320564506740
-0.053,1741689320603918603
-0.054,1741689320647667299
-0.054,1741689320684243541
-0.054,1741689320724104565
-0.053,1741689320764303082
-0.053,1741689320804291605
-0.053,1741689320849017512
-0.053,1741689320883994658
-0.053,1741689320925900804
-0.05,1741689320963806976
-0.05,1741689321003779981
-0.056,1741689321049490021
-0.056,1741689321083981227
-0.056,1741689321124531773
-0.05,1741689321164254619
-0.05,1741689321204337949
-0.055,1741689321249460660
-0.055,1741689321283863891
-0.055,1741689321323878293
-0.054,1741689321364000707
-0.054,1741689321404327504
-0.056,1741689321450247828
-0.056,1741689321689310721
-0.056,1741689321690906570
-0.053,1741689321904175419
-0.052,1741689321904844832
-0.054,1741689321905035760
-0.054,1741689322162491555
-0.052,1741689322163003324
-0.057,1741689322163880187
-0.057,1741689322363259528
-0.056,1741689322364281823
-0.056,1741689322576352927
-0.051,1741689322576764619
-0.051,1741689322581513033
-0.051,1741689322583246570
-0.05,1741689322585419530
-0.05,1741689322604295968
-0.055,1741689322648285766
-0.055,1741689322823781350
-0.055,1741689322824546273
-0.052,1741689322997212978
-0.052,1741689322998069232
-0.055,1741689323233051702
-0.052,1741689323236893909
-0.054,1741689323296831219
-0.054,1741689323297070758
-0.054,1741689323445676955
-0.052,1741689323446198422
-0.053,1741689323449048861
-0.053,1741689323484178112
-0.053,1741689323523949238
-0.048,1741689323564797522
-0.048,1741689323605447434
-0.053,1741689323648089458
-0.053,1741689323683797333
-0.053,1741689323743017760
-0.052,1741689323886958218
-0.052,1741689323887399124
-0.05,1741689323951110413
-0.051,1741689324106760383
-0.051,1741689324108002670
-0.055,1741689324124267316
-0.055,1741689324163920411
-0.055,1741689324208761524
-0.052,1741689324247096931
-0.052,1741689324284377902
-0.052,1741689324324823832
-0.054,1741689324364260412
-0.054,1741689324404283119
-0.055,1741689324447555824
-0.055,1741689324484050323
-0.055,1741689324524171565
-0.056,1741689324564129411
-0.056,1741689324605618875
-0.057,1741689324646985300
-0.057,1741689324684084471
-0.057,1741689324724754941
-0.053,1741689324763843850
-0.053,1741689324807871849
-0.054,1741689324848788501
-0.054,1741689324884525561
-0.054,1741689324924209354
-0.051,1741689324964117957
-0.051,1741689325005327978
-0.055,1741689325050239784
-0.055,1741689325088094841
-0.055,1741689325124678106
-0.052,1741689325164531806
-0.052,1741689325207974720
-0.056,1741689325245108276
-0.056,1741689325284045780
-0.056,1741689325324539610
-0.052,1741689325365043689
-0.052,1741689325404715229
-0.054,1741689325447616999
-0.054,1741689325484330658
-0.054,1741689325524475785
-0.053,1741689325564871401
-0.053,1741689325605206173
-0.052,1741689325647992597
-0.052,1741689325684067469
-0.052,1741689325725101731
-0.051,1741689325764281009
-0.051,1741689325808667801
-0.056,1741689325846527166
-0.056,1741689325885005150
-0.056,1741689325925120431
-0.05,1741689325966308952
-0.05,1741689326008247708
-0.057,1741689326048461724
-0.057,1741689326084477816
-0.057,1741689326126155504
-0.057,1741689326164793307
-0.057,1741689326207964782
-0.051,1741689326247853238
-0.051,1741689326285683228
-0.051,1741689326324276709
-0.056,1741689326363971361
-0.056,1741689326404984835
-0.057,1741689326446682209
-0.057,1741689326484538398
-0.057,1741689326524172929
-0.054,1741689326564841145
-0.054,1741689326604977215
-0.054,1741689326648100560
-0.054,1741689326684317569
-0.054,1741689326724508912
-0.054,1741689326763910105
-0.054,1741689326806130268
-0.053,1741689326848211371
-0.053,1741689326884045373
-0.053,1741689326924029007
-0.053,1741689326964396801
-0.053,1741689327004037823
-0.054,1741689327048312194
-0.054,1741689327090467717
-0.054,1741689327125201337
-0.052,1741689327163957522
-0.052,1741689327206026232
-0.055,1741689327246645887
-0.055,1741689327284107958
-0.055,1741689327324488556
-0.055,1741689327364386600
-0.055,1741689327404823113
-0.048,1741689327447024852
-0.048,1741689327484237295
-0.048,1741689327524222783
-0.05,1741689327564870300
-0.05,1741689327607486185
-0.051,1741689327646072662
-0.051,1741689327685008353
-0.051,1741689327723967088
-0.053,1741689327764334631
-0.053,1741689327804262431
-0.052,1741689327848848917
-0.052,1741689327884225912
-0.052,1741689327924580381
-0.052,1741689327964178313
-0.052,1741689328005949295
-0.05,1741689328043612222
-0.05,1741689328084386377
-0.05,1741689328124171820
-0.065,1741689328164104028
-0.065,1741689328205982712
-0.088,1741689328248834158
-0.088,1741689328286394152
-0.088,1741689328324802796
-0.105,1741689328364642701
-0.105,1741689328405196583
-0.124,1741689328448154228
-0.124,1741689328484600366
-0.124,1741689328525128670
-0.148,1741689328565104340
-0.148,1741689328604710978
-0.172,1741689328649341927
-0.172,1741689328685529250
-0.172,1741689328724446287
-0.194,1741689328764322730
-0.194,1741689328805904137
-0.217,1741689328846438993
-0.217,1741689328884157104
-0.217,1741689328924648650
-0.235,1741689328964673221
-0.235,1741689329008859948
-0.251,1741689329049681972
-0.251,1741689329084594117
-0.251,1741689329124860661
-0.257,1741689329164688504
-0.257,1741689329204625841
-0.264,1741689329248192377
-0.264,1741689329285009229
-0.264,1741689329324544373
-0.269,1741689329364381553
-0.269,1741689329404321636
-0.266,1741689329447042157
-0.266,1741689329483796121
-0.266,1741689329524035935
-0.264,1741689329564768542
-0.264,1741689329608002144
-0.254,1741689329647419197
-0.254,1741689329684146923
-0.254,1741689329724061728
-0.248,1741689329764260816
-0.248,1741689329809200684
-0.228,1741689329850285300
-0.228,1741689329884081034
-0.228,1741689329926964009
-0.222,1741689329964124495
-0.222,1741689330007605370
-0.211,1741689330047306986
-0.211,1741689330084483793
-0.211,1741689330124357170
-0.194,1741689330164365631
-0.194,1741689330205993455
-0.182,1741689330246482767
-0.182,1741689330284222247
-0.182,1741689330324025564
-0.169,1741689330363932244
-0.169,1741689330404415023
-0.157,1741689330447776775
-0.157,1741689330484175163
-0.157,1741689330523914440
-0.138,1741689330564336355
-0.138,1741689330605607651
-0.136,1741689330647129787
-0.136,1741689330684621404
-0.136,1741689330728068095
-0.121,1741689330764658322
-0.121,1741689330804323450
-0.115,1741689330847549638
-0.115,1741689330884570352
-0.115,1741689330924383547
-0.112,1741689330964357273
-0.112,1741689331004539920
-0.112,1741689331045320216
-0.112,1741689331084451314
-0.112,1741689331126032530
-0.111,1741689331164287557
-0.111,1741689331204450156
-0.118,1741689331248277200
-0.118,1741689331284248177
-0.118,1741689331324323273
-0.126,1741689331364102505
-0.126,1741689331404202497
-0.141,1741689331448200430
-0.141,1741689331483952087
-0.141,1741689331523828371
-0.152,1741689331564555497
-0.152,1741689331603706863
-0.164,1741689331647650514
-0.164,1741689331684137569
-0.164,1741689331724104182
-0.18,1741689331765735272
-0.18,1741689331805274313
-0.185,1741689331849371282
-0.185,1741689331883998403
-0.185,1741689331924035818
-0.201,1741689331964274440
-0.201,1741689332004002085
-0.207,1741689332049013387
-0.207,1741689332084016341
-0.207,1741689332124420674
-0.216,1741689332164222507
-0.216,1741689332207451981
-0.222,1741689332246215611
-0.222,1741689332285144660
-0.222,1741689332324154099
-0.227,1741689332364346965
-0.227,1741689332404457437
-0.226,1741689332448044541
-0.226,1741689332484146364
-0.226,1741689332523823564
-0.22,1741689332563675462
-0.22,1741689332603904005
-0.216,1741689332646030894
-0.216,1741689332684160545
-0.216,1741689332723935178
-0.208,1741689332763925986
-0.208,1741689332806253871
-0.204,1741689332846658755
-0.204,1741689332883454428
-0.204,1741689332923686517
-0.198,1741689332964037279
-0.198,1741689333005287566
-0.182,1741689333047137556
-0.182,1741689333083858018
-0.182,1741689333123926121
-0.175,1741689333163852518
-0.175,1741689333205918112
-0.167,1741689333247325223
-0.167,1741689333284309849
-0.167,1741689333323833612
-0.161,1741689333364193982
-0.161,1741689333404299975
-0.147,1741689333447009085
-0.147,1741689333483927207
-0.147,1741689333523714153
-0.142,1741689333564607842
-0.142,1741689333608005110
-0.139,1741689333647987703
-0.139,1741689333684213959
-0.139,1741689333723955249
-0.13,1741689333763895502
-0.13,1741689333803687297
-0.127,1741689333847695881
-0.127,1741689333884122152
-0.127,1741689333924383436
-0.126,1741689333963986628
-0.126,1741689334004086740
-0.127,1741689334046729054
-0.127,1741689334083874542
-0.127,1741689334123741278
-0.137,1741689334164148906
-0.137,1741689334203544258
-0.137,1741689334246591782
-0.137,1741689334284189457
-0.137,1741689334323991221
-0.144,1741689334363980215
-0.144,1741689334404086409
-0.152,1741689334449331749
-0.152,1741689334483765848
-0.152,1741689334523801289
-0.161,1741689334564571928
-0.161,1741689334603806760
-0.17,1741689334644861110
-0.17,1741689334684114997
-0.17,1741689334724064658
-0.184,1741689334763857965
-0.184,1741689334803626687
-0.189,1741689334847125606
-0.189,1741689334883715774
-0.189,1741689334923571118
-0.197,1741689334964212835
-0.197,1741689335003678659
-0.197,1741689335047021285
-0.197,1741689335083778757
-0.197,1741689335123800232
-0.203,1741689335164064732
-0.203,1741689335206279706
-0.208,1741689335249896015
-0.208,1741689335284302783
-0.208,1741689335323761464
-0.208,1741689335366241024
-0.208,1741689335404737973
-0.205,1741689335446695064
-0.205,1741689335483963562
-0.205,1741689335524027587
-0.2,1741689335564747480
-0.2,1741689335605598449
-0.197,1741689335646443978
-0.197,1741689335684015865
-0.197,1741689335723690761
-0.195,1741689335764092779
-0.195,1741689335804945852
-0.18,1741689335846613099
-0.18,1741689335883825523
-0.18,1741689335923640151
-0.173,1741689335964119825
-0.173,1741689336006721853
-0.164,1741689336047309158
-0.164,1741689336083912762
-0.164,1741689336123757135
-0.153,1741689336164126021
-0.153,1741689336205040679
-0.146,1741689336248665744
-0.146,1741689336283897067
-0.146,1741689336324081848
-0.14,1741689336363729232
-0.14,1741689336404326165
-0.133,1741689336447441055
-0.133,1741689336483623008
-0.133,1741689336523542693
-0.128,1741689336563348424
-0.128,1741689336603676874
-0.126,1741689336646287309
-0.126,1741689336683716128
-0.126,1741689336723655880
-0.126,1741689336763588458
-0.126,1741689336803742512
-0.13,1741689336847144389
-0.13,1741689336883568866
-0.13,1741689336923598317
-0.136,1741689336964005204
-0.136,1741689337003204729
-0.146,1741689337048038298
-0.146,1741689337083880655
-0.146,1741689337124066158
-0.155,1741689337164167693
-0.155,1741689337206213220
-0.16,1741689337246914298
-0.16,1741689337283990807
-0.16,1741689337323500223
-0.172,1741689337363749685
-0.172,1741689337403801437
-0.187,1741689337446996476
-0.187,1741689337483797640
-0.187,1741689337523528500
-0.192,1741689337564310039
-0.192,1741689337603962303
-0.198,1741689337646954232
-0.198,1741689337684129807
-0.198,1741689337723969011
-0.205,1741689337764514187
-0.205,1741689337806135919
-0.202,1741689337849212397
-0.202,1741689337884618507
-0.202,1741689337924347834
-0.203,1741689337964462574
-0.203,1741689338004333317
-0.204,1741689338048123251
-0.204,1741689338084860695
-0.204,1741689338130357737
-0.207,1741689338164313520
-0.207,1741689338206697631
-0.203,1741689338250602470
-0.203,1741689338284421036
-0.203,1741689338324184128
-0.193,1741689338364674752
-0.193,1741689338404621056
-0.19,1741689338448110046
-0.19,1741689338484031863
-0.19,1741689338523745120
-0.176,1741689338564270359
-0.176,1741689338604281626
-0.169,1741689338647827092
-0.169,1741689338683831052
-0.169,1741689338723877253
-0.16,1741689338763898808
-0.16,1741689338808279789
-0.15,1741689338849714562
-0.15,1741689338883814976
-0.15,1741689338923704895
-0.147,1741689338963659625
-0.147,1741689339003461429
-0.138,1741689339048949564
-0.138,1741689339085527729
-0.138,1741689339123573194
-0.134,1741689339163676171
-0.134,1741689339205518207
-0.128,1741689339247184272
-0.128,1741689339283652192
-0.128,1741689339324206825
-0.126,1741689339364620265
-0.126,1741689339404414755
-0.129,1741689339447494598
-0.129,1741689339484382374
-0.129,1741689339523727893
-0.13,1741689339563934545
-0.13,1741689339603370714
-0.13,1741689339645446377
-0.13,1741689339683929942
-0.13,1741689339723697371
-0.146,1741689339764181022
-0.146,1741689339804162302
-0.153,1741689339844500731
-0.153,1741689339883763625
-0.153,1741689339923440715
-0.16,1741689339963688765
-0.16,1741689340003721852
-0.166,1741689340048839212
-0.166,1741689340083900577
-0.166,1741689340123826453
-0.177,1741689340163942345
-0.177,1741689340207955397
-0.192,1741689340245624706
-0.192,1741689340284106808
-0.192,1741689340324157698
-0.192,1741689340363998966
-0.192,1741689340404192784
-0.197,1741689340447695089
-0.197,1741689340483844792
-0.197,1741689340523877519
-0.202,1741689340564384193
-0.202,1741689340605992811
-0.213,1741689340645496406
-0.213,1741689340684037488
-0.213,1741689340723968544
-0.209,1741689340763685950
-0.209,1741689340805789966
-0.209,1741689340845291337
-0.209,1741689340883824635
-0.209,1741689340924084837
-0.206,1741689340964146077
-0.206,1741689341003658979
-0.198,1741689341044908024
-0.198,1741689341083923004
-0.198,1741689341123802564
-0.191,1741689341164171209
-0.191,1741689341203540974
-0.185,1741689341245787807
-0.185,1741689341283900106
-0.185,1741689341324131054
-0.175,1741689341363836106
-0.175,1741689341403644472
-0.165,1741689341446857336
-0.165,1741689341483927973
-0.165,1741689341523707576
-0.16,1741689341564158345
-0.16,1741689341604104579
-0.151,1741689341648208452
-0.151,1741689341683935813
-0.151,1741689341723762283
-0.146,1741689341763538549
-0.146,1741689341803928134
-0.139,1741689341847874952
-0.139,1741689341884421108
-0.139,1741689341923741980
-0.134,1741689341963988006
-0.134,1741689342004037013
-0.129,1741689342048076284
-0.129,1741689342084013790
-0.129,1741689342124123540
-0.137,1741689342164161587
-0.137,1741689342204184124
-0.136,1741689342247975711
-0.136,1741689342283750442
-0.136,1741689342323876603
-0.139,1741689342366644332
-0.139,1741689342404620326
-0.137,1741689342445857719
-0.137,1741689342483830767
-0.137,1741689342523870226
-0.146,1741689342563680175
-0.146,1741689342603787531
-0.155,1741689342645629537
-0.155,1741689342683461621
-0.155,1741689342723604173
-0.166,1741689342763398904
-0.166,1741689342803909074
-0.17,1741689342847447257
-0.17,1741689342883715221
-0.17,1741689342924378820
-0.183,1741689342963597531
-0.183,1741689343004224611
-0.189,1741689343048478804
-0.189,1741689343084046657
-0.189,1741689343123812303
-0.194,1741689343163685040
-0.194,1741689343203481995
-0.198,1741689343247623858
-0.198,1741689343283938990
-0.198,1741689343327145772
-0.2,1741689343363779833
-0.2,1741689343404136716
-0.203,1741689343447488109
-0.203,1741689343483934878
-0.203,1741689343524005956
-0.202,1741689343564652011
-0.202,1741689343603955822
-0.2,1741689343646364099
-0.2,1741689343683747903
-0.2,1741689343724576671
-0.189,1741689343763861406
-0.189,1741689343806857944
-0.189,1741689343846629962
-0.189,1741689343883983129
-0.189,1741689343923606699
-0.185,1741689343963857564
-0.185,1741689344005506608
-0.178,1741689344044357390
-0.178,1741689344083720492
-0.178,1741689344123846363
-0.168,1741689344164207334
-0.168,1741689344206368467
-0.155,1741689344245994091
-0.155,1741689344284232727
-0.155,1741689344323860375
-0.143,1741689344364094198
-0.143,1741689344403986381
-0.134,1741689344445534916
-0.134,1741689344483668876
-0.134,1741689344526801780
-0.13,1741689344563679126
-0.13,1741689344605346354
-0.127,1741689344645619420
-0.127,1741689344684091012
-0.127,1741689344723941177
-0.124,1741689344764510749
-0.124,1741689344805480911
-0.126,1741689344846487091
-0.126,1741689344883824238
-0.126,1741689344924325752
-0.129,1741689344964780550
-0.129,1741689345005968600
-0.138,1741689345045146755
-0.138,1741689345084069252
-0.138,1741689345123991211
-0.143,1741689345164122703
-0.143,1741689345203803390
-0.145,1741689345245296822
-0.145,1741689345284407672
-0.145,1741689345325707953
-0.157,1741689345364221774
-0.157,1741689345404437793
-0.166,1741689345445579447
-0.166,1741689345484230596
-0.166,1741689345523728159
-0.182,1741689345564760508
-0.182,1741689345607070049
-0.187,1741689345647851067
-0.187,1741689345683678417
-0.187,1741689345724735131
-0.193,1741689345764791632
-0.193,1741689345804484592
-0.201,1741689345845882025
-0.201,1741689345884087007
-0.201,1741689345924229920
-0.208,1741689345964122274
-0.208,1741689346003755161
-0.215,1741689346044962878
-0.215,1741689346084213219
-0.215,1741689346124094222
-0.209,1741689346164145062
-0.209,1741689346204496245
-0.208,1741689346244667501
-0.208,1741689346284107907
-0.208,1741689346324262502
-0.205,1741689346364136030
-0.205,1741689346404561012
-0.2,1741689346445206856
-0.2,1741689346484174618
-0.2,1741689346524134498
-0.194,1741689346563863706
-0.194,1741689346603971963
-0.186,1741689346645483490
-0.186,1741689346683520778
-0.186,1741689346724019508
-0.174,1741689346763363034
-0.174,1741689346806810426
-0.172,1741689346845807032
-0.172,1741689346883586558
-0.172,1741689346923800824
-0.156,1741689346963757268
-0.156,1741689347003505762
-0.15,1741689347045711608
-0.15,1741689347083549413
-0.15,1741689347123496109
-0.148,1741689347163745110
-0.148,1741689347203535312
-0.137,1741689347244279131
-0.137,1741689347283197500
-0.137,1741689347323707460
-0.135,1741689347364070896
-0.135,1741689347404070230
-0.131,1741689347444389884
-0.131,1741689347483792840
-0.131,1741689347523946283
-0.134,1741689347563369658
-0.134,1741689347604333038
-0.135,1741689347647651960
-0.135,1741689347683997630
-0.135,1741689347723473934
-0.131,1741689347763034967
-0.131,1741689347803990392
-0.145,1741689347845386481
-0.145,1741689347883996914
-0.145,1741689347923713358
-0.146,1741689347963758036
-0.146,1741689348003595427
-0.16,1741689348044394990
-0.16,1741689348083596740
-0.16,1741689348123053858
-0.164,1741689348163288923
-0.164,1741689348205554211
-0.173,1741689348247310266
-0.173,1741689348283499293
-0.173,1741689348323704502
-0.181,1741689348363850531
-0.181,1741689348403832222
-0.187,1741689348448272304
-0.187,1741689348483663436
-0.187,1741689348523478144
-0.19,1741689348563759586
-0.19,1741689348603658081
-0.198,1741689348648415368
-0.198,1741689348683670765
-0.198,1741689348723568439
-0.194,1741689348763327262
-0.194,1741689348804256448
-0.204,1741689348844781186
-0.204,1741689348884145530
-0.204,1741689348924040509
-0.196,1741689348964294820
-0.196,1741689349003969215
-0.195,1741689349046946117
-0.195,1741689349084493838
-0.195,1741689349123917013
-0.191,1741689349163886862
-0.191,1741689349204031998
-0.187,1741689349245608868
-0.187,1741689349284216194
-0.187,1741689349323883826
-0.179,1741689349364185336
-0.179,1741689349404192765
-0.173,1741689349445582083
-0.173,1741689349483618831
-0.173,1741689349523960325
-0.162,1741689349564514158
-0.162,1741689349604097012
-0.152,1741689349645462935
-0.152,1741689349683955938
-0.152,1741689349723514386
-0.147,1741689349763305079
-0.147,1741689349803742013
-0.132,1741689349844855994
-0.132,1741689349883497665
-0.132,1741689349924014128
-0.137,1741689349963652495
-0.137,1741689350003702865
-0.129,1741689350043990519
-0.129,1741689350084913633
-0.129,1741689350123305506
-0.131,1741689350163420627
-0.131,1741689350203539284
-0.135,1741689350244859012
-0.135,1741689350283643129
-0.135,1741689350323499094
-0.142,1741689350363766881
-0.142,1741689350403608540
-0.139,1741689350444516946
-0.139,1741689350483828933
-0.139,1741689350523496255
-0.155,1741689350563594554
-0.155,1741689350603248231
-0.157,1741689350644164602
-0.157,1741689350683623053
-0.157,1741689350723784401
-0.163,1741689350763866720
-0.163,1741689350804190662
-0.174,1741689350844540683
-0.174,1741689350883727014
-0.174,1741689350923692785
-0.182,1741689350963631776
-0.182,1741689351004086873
-0.185,1741689351047717940
-0.185,1741689351083964725
-0.185,1741689351123616788
-0.186,1741689351164041098
-0.186,1741689351203512313
-0.191,1741689351245746884
-0.191,1741689351283356160
-0.191,1741689351323348171
-0.191,1741689351363679006
-0.191,1741689351403236342
-0.192,1741689351448165690
-0.192,1741689351483703497
-0.192,1741689351524996153
-0.189,1741689351563592910
-0.189,1741689351603753366
-0.189,1741689351647008278
-0.189,1741689351683249773
-0.189,1741689351723507381
-0.183,1741689351762804810
-0.183,1741689351803805590
-0.178,1741689351844808002
-0.178,1741689351883405731
-0.178,1741689351923803471
-0.171,1741689351963782457
-0.171,1741689352003599760
-0.171,1741689352045286003
-0.171,1741689352083710287
-0.171,1741689352123298691
-0.171,1741689352163387382
-0.171,1741689352203849423
-0.164,1741689352245578948
-0.164,1741689352283442161
-0.164,1741689352323460060
-0.158,1741689352363742113
-0.158,1741689352403456232
-0.158,1741689352444332870
-0.158,1741689352483371604
-0.158,1741689352523990709
-0.148,1741689352563318095
-0.148,1741689352605852917
-0.147,1741689352646266066
-0.147,1741689352683948260
-0.147,1741689352723350966
-0.144,1741689352763263417
-0.144,1741689352804670418
-0.146,1741689352844392192
-0.146,1741689352883357389
-0.146,1741689352923840419
-0.151,1741689352963650599
-0.151,1741689353003662255
-0.15,1741689353045022529
-0.15,1741689353083857351
-0.15,1741689353123743002
-0.151,1741689353163774116
-0.151,1741689353204567758
-0.155,1741689353244865009
-0.155,1741689353283862056
-0.155,1741689353323607474
-0.161,1741689353363306426
-0.161,1741689353403378576
-0.166,1741689353444679277
-0.166,1741689353483978370
-0.166,1741689353523768652
-0.167,1741689353563776081
-0.167,1741689353603909737
-0.174,1741689353645078281
-0.174,1741689353684097158
-0.174,1741689353723859839
-0.173,1741689353763809289
-0.173,1741689353803840242
-0.18,1741689353844993327
-0.18,1741689353884169459
-0.18,1741689353923669458
-0.183,1741689353963673441
-0.183,1741689354004148375
-0.185,1741689354045095495
-0.185,1741689354084069268
-0.185,1741689354123390461
-0.181,1741689354163608635
-0.181,1741689354203192100
-0.18,1741689354245392727
-0.18,1741689354283485841
-0.18,1741689354323724453
-0.181,1741689354363409608
-0.181,1741689354403511364
-0.177,1741689354447912423
-0.177,1741689354483900413
-0.177,1741689354523587612
-0.176,1741689354564436758
-0.176,1741689354604085515
-0.174,1741689354649682224
-0.174,1741689354683604665
-0.174,1741689354724065613
-0.17,1741689354763372290
-0.17,1741689354803721910
-0.162,1741689354844889973
-0.162,1741689354883953544
-0.162,1741689354923924155
-0.159,1741689354963927516
-0.159,1741689355004145810
-0.157,1741689355045283486
-0.157,1741689355084057385
-0.157,1741689355123648675
-0.158,1741689355163966635
-0.158,1741689355203908472
-0.154,1741689355244917537
-0.154,1741689355283907179
-0.154,1741689355323481417
-0.151,1741689355363323075
-0.151,1741689355403730844
-0.151,1741689355445742318
-0.151,1741689355483834719
-0.151,1741689355523511980
-0.15,1741689355563534979
-0.15,1741689355605303526
-0.152,1741689355649378605
-0.152,1741689355683725691
-0.152,1741689355723385649
-0.152,1741689355763288423
-0.152,1741689355803888452
-0.159,1741689355844410795
-0.159,1741689355884382959
-0.159,1741689355923862489
-0.16,1741689355964282811
-0.16,1741689356003004632
-0.16,1741689356044969949
-0.16,1741689356083488750
-0.16,1741689356123329697
-0.168,1741689356164029323
-0.168,1741689356204260090
-0.168,1741689356246691850
-0.168,1741689356284209516
-0.168,1741689356323474084
-0.169,1741689356363755646
-0.169,1741689356403674169
-0.17,1741689356447871747
-0.17,1741689356483408983
-0.17,1741689356523782798
-0.176,1741689356563241970
-0.176,1741689356605045924
-0.176,1741689356646041845
-0.176,1741689356683225856
-0.176,1741689356723160789
-0.185,1741689356763084772
-0.185,1741689356804822142
-0.184,1741689356845721632
-0.184,1741689356883289732
-0.184,1741689356923169963
-0.178,1741689356963257161
-0.178,1741689357003523044
-0.174,1741689357043785050
-0.174,1741689357083847723
-0.174,1741689357123639729
-0.172,1741689357163709034
-0.172,1741689357203358663
-0.174,1741689357243851411
-0.174,1741689357283251513
-0.174,1741689357323244044
-0.166,1741689357363528362
-0.166,1741689357404190928
-0.166,1741689357444605700
-0.166,1741689357483838899
-0.166,1741689357523147179
-0.164,1741689357563367106
-0.164,1741689357603947789
-0.161,1741689357643849941
-0.161,1741689357683643489
-0.161,1741689357723127949
-0.163,1741689357763375307
-0.163,1741689357803396863
-0.161,1741689357847957802
-0.161,1741689357883204734
-0.161,1741689357923353247
-0.158,1741689357963368090
-0.158,1741689358004818402
-0.153,1741689358044873590
-0.153,1741689358083766312
-0.153,1741689358123598553
-0.152,1741689358163474926
-0.152,1741689358203045557
-0.153,1741689358246053857
-0.153,1741689358283009290
-0.153,1741689358323492214
-0.148,1741689358363387586
-0.148,1741689358403539871
-0.152,1741689358443788667
-0.152,1741689358483283585
-0.152,1741689358523456438
-0.155,1741689358563228217
-0.155,1741689358604021247
-0.164,1741689358648572240
-0.164,1741689358684064805
-0.164,1741689358723786791
-0.168,1741689358763665260
-0.168,1741689358803526678
-0.166,1741689358843547615
-0.166,1741689358883498791
-0.166,1741689358923490754
-0.171,1741689358963298681
-0.171,1741689359003540024
-0.177,1741689359047735073
-0.177,1741689359083225775
-0.177,1741689359123397338
-0.178,1741689359163598258
-0.178,1741689359204019078
-0.175,1741689359247269493
-0.175,1741689359283580106
-0.175,1741689359323278355
-0.178,1741689359363298432
-0.178,1741689359403345451
-0.171,1741689359444184077
-0.171,1741689359483581908
-0.171,1741689359523521128
-0.172,1741689359563621231
-0.172,1741689359604468283
-0.178,1741689359647063598
-0.178,1741689359683445892
-0.178,1741689359723315625
-0.176,1741689359763385079
-0.176,1741689359803574216
-0.171,1741689359843312131
-0.171,1741689359883723002
-0.171,1741689359923553498
-0.171,1741689359963685484
-0.171,1741689360003248037
-0.166,1741689360044656148
-0.166,1741689360083483561
-0.166,1741689360123400601
-0.166,1741689360163405513
-0.166,1741689360205488031
-0.162,1741689360245546528
-0.162,1741689360283569530
-0.162,1741689360323151416
-0.164,1741689360363225763
-0.164,1741689360403817421
-0.163,1741689360443395179
-0.163,1741689360483804510
-0.163,1741689360523315547
-0.162,1741689360563334988
-0.162,1741689360603331684
-0.157,1741689360643035237
-0.157,1741689360683302150
-0.157,1741689360723193541
-0.155,1741689360763935952
-0.155,1741689360803931656
-0.158,1741689360846175720
-0.158,1741689360884174164
-0.158,1741689360923903418
-0.151,1741689360964216452
-0.151,1741689361003532478
-0.156,1741689361043712326
-0.156,1741689361083664469
-0.156,1741689361123598597
-0.159,1741689361164159880
-0.159,1741689361203953804
-0.16,1741689361243362065
-0.16,1741689361283879242
-0.16,1741689361323598231
-0.161,1741689361364075369
-0.161,1741689361403682458
-0.162,1741689361444541323
-0.162,1741689361483996338
-0.162,1741689361523771074
-0.162,1741689361563960601
-0.162,1741689361604041305
-0.164,1741689361643604159
-0.164,1741689361684112378
-0.164,1741689361723140106
-0.164,1741689361763528010
-0.164,1741689361803332916
-0.167,1741689361845085103
-0.167,1741689361883317940
-0.167,1741689361923820187
-0.173,1741689361963710971
-0.173,1741689362003467812
-0.171,1741689362044399332
-0.171,1741689362083867676
-0.171,1741689362124013051
-0.174,1741689362163759327
-0.174,1741689362203855245
-0.174,1741689362245849270
-0.174,1741689362284070088
-0.174,1741689362323473234
-0.169,1741689362363992348
-0.169,1741689362403724637
-0.17,1741689362447134435
-0.17,1741689362483489741
-0.17,1741689362523347555
-0.168,1741689362563747246
-0.168,1741689362604845912
-0.17,1741689362645063368
-0.17,1741689362685018992
-0.17,1741689362723799322
-0.171,1741689362764030976
-0.171,1741689362806327501
-0.171,1741689362845669989
-0.171,1741689362884191644
-0.171,1741689362924178971
-0.166,1741689362964264409
-0.166,1741689363006409207
-0.167,1741689363044517159
-0.167,1741689363084023100
-0.167,1741689363123991194
-0.157,1741689363164256698
-0.157,1741689363204379453
-0.16,1741689363245334193
-0.16,1741689363284087414
-0.16,1741689363323435868
-0.158,1741689363363388421
-0.158,1741689363403772727
-0.164,1741689363444717928
-0.164,1741689363483822626
-0.164,1741689363523665936
-0.161,1741689363563710148
-0.161,1741689363604289846
-0.159,1741689363645902680
-0.159,1741689363683880218
-0.159,1741689363724128258
-0.161,1741689363763844409
-0.161,1741689363804411942
-0.159,1741689363845457489
-0.159,1741689363884003627
-0.159,1741689363923998713
-0.158,1741689363964340676
-0.158,1741689364005860859
-0.159,1741689364045646150
-0.159,1741689364084507137
-0.159,1741689364125209498
-0.163,1741689364164302879
-0.163,1741689364207205284
-0.166,1741689364246150596
-0.166,1741689364284069023
-0.166,1741689364324108981
-0.167,1741689364364330584
-0.167,1741689364404286719
-0.164,1741689364445648527
-0.164,1741689364484510796
-0.164,1741689364524277030
-0.168,1741689364564599370
-0.168,1741689364604059085
-0.166,1741689364645883247
-0.166,1741689364683919473
-0.166,1741689364724364663
-0.172,1741689364763939854
-0.172,1741689364806239473
-0.169,1741689364845599975
-0.169,1741689364883318873
-0.169,1741689364923752820
-0.169,1741689364963817827
-0.169,1741689365005109258
-0.169,1741689365043881597
-0.169,1741689365084093645
-0.169,1741689365123572954
-0.172,1741689365163999461
-0.172,1741689365204260065
-0.165,1741689365243278924
-0.165,1741689365284200017
-0.165,1741689365323581945
-0.167,1741689365363704690
-0.167,1741689365404029649
-0.167,1741689365446854818
-0.167,1741689365483979701
-0.167,1741689365524073789
-0.17,1741689365564678645
-0.17,1741689365604233431
-0.168,1741689365648779248
-0.168,1741689365686162686
-0.168,1741689365724059406
-0.167,1741689365763954686
-0.167,1741689365803855417
-0.162,1741689365844313997
-0.162,1741689365884185571
-0.162,1741689365923439590
-0.168,1741689365964718100
-0.168,1741689366004285180
-0.16,1741689366048236652
-0.16,1741689366083790633
-0.16,1741689366123923943
-0.155,1741689366163867933
-0.155,1741689366203897590
-0.157,1741689366245365204
-0.157,1741689366284296868
-0.157,1741689366324200279
-0.161,1741689366364538990
-0.161,1741689366405007804
-0.161,1741689366445994800
-0.161,1741689366484570930
-0.161,1741689366524212300
-0.159,1741689366564840946
-0.159,1741689366606354720
-0.158,1741689366644513676
-0.158,1741689366684138002
-0.158,1741689366723658566
-0.162,1741689366764407447
-0.162,1741689366804013818
-0.165,1741689366844455239
-0.165,1741689366884743541
-0.165,1741689366924088833
-0.164,1741689366964669525
-0.164,1741689367004322376
-0.165,1741689367043508462
-0.165,1741689367085253331
-0.165,1741689367124410300
-0.166,1741689367164575636
-0.166,1741689367205982466
-0.17,1741689367247832631
-0.17,1741689367285723769
-0.17,1741689367324039386
-0.175,1741689367364130127
-0.175,1741689367404471026
-0.169,1741689367445779904
-0.169,1741689367484438250
-0.169,1741689367524119612
-0.175,1741689367564509547
-0.175,1741689367605239746
-0.176,1741689367647046516
-0.176,1741689367683971268
-0.176,1741689367724128288
-0.171,1741689367764453507
-0.171,1741689367804048310
-0.17,1741689367844731438
-0.17,1741689367884505270
-0.17,1741689367924125403
-0.17,1741689367964456242
-0.17,1741689368004541712
-0.174,1741689368045091173
-0.174,1741689368084413970
-0.174,1741689368124404680
-0.167,1741689368164495436
-0.167,1741689368204104512
-0.167,1741689368247713633
-0.167,1741689368284612480
-0.167,1741689368323662675
-0.16,1741689368364314796
-0.16,1741689368404113291
-0.16,1741689368445957649
-0.16,1741689368484731836
-0.16,1741689368523956511
-0.16,1741689368564458890
-0.16,1741689368604388952
-0.161,1741689368644751398
-0.161,1741689368685214670
-0.161,1741689368723883391
-0.157,1741689368764262269
-0.157,1741689368803917083
-0.156,1741689368844808752
-0.156,1741689368885130959
-0.156,1741689368923765894
-0.156,1741689368963837402
-0.156,1741689369003992223
-0.155,1741689369044801745
-0.155,1741689369084060752
-0.155,1741689369124470766
-0.151,1741689369163469275
-0.151,1741689369203687053
-0.155,1741689369246303311
-0.155,1741689369283713109
-0.155,1741689369324116470
-0.153,1741689369363832789
-0.153,1741689369403889323
-0.154,1741689369445374794
-0.154,1741689369483973613
-0.154,1741689369523719020
-0.161,1741689369564365424
-0.161,1741689369604525540
-0.16,1741689369647894737
-0.16,1741689369683929663
-0.16,1741689369724090239
-0.168,1741689369763994816
-0.168,1741689369803531135
-0.169,1741689369846984857
-0.169,1741689369884985689
-0.169,1741689369924342016
-0.173,1741689369964080439
-0.173,1741689370003887555
-0.18,1741689370047291494
-0.18,1741689370085531949
-0.18,1741689370124194437
-0.175,1741689370164199725
-0.175,1741689370205666173
-0.178,1741689370247056173
-0.178,1741689370285044826
-0.178,1741689370324340901
-0.177,1741689370364371458
-0.177,1741689370404455269
-0.183,1741689370446592217
-0.183,1741689370488647094
-0.183,1741689370524491423
-0.179,1741689370564233237
-0.179,1741689370607699297
-0.172,1741689370645854876
-0.172,1741689370684067677
-0.172,1741689370723914476
-0.169,1741689370764032875
-0.169,1741689370804598986
-0.165,1741689370849395022
-0.165,1741689370883954364
-0.165,1741689370923731507
-0.163,1741689370964159750
-0.163,1741689371004009404
-0.166,1741689371045452723
-0.166,1741689371084548551
-0.166,1741689371124121931
-0.157,1741689371164359587
-0.157,1741689371204669884
-0.158,1741689371245537540
-0.158,1741689371284466893
-0.158,1741689371325153305
-0.154,1741689371363822490
-0.154,1741689371404790121
-0.148,1741689371446117022
-0.148,1741689371484757542
-0.148,1741689371524140450
-0.154,1741689371564726626
-0.154,1741689371606857215
-0.154,1741689371648200177
-0.154,1741689371688323450
-0.154,1741689371724074813
-0.151,1741689371763977987
-0.151,1741689371804509386
-0.16,1741689371845815787
-0.16,1741689371883966010
-0.16,1741689371924018896
-0.163,1741689371963815050
-0.163,1741689372006096673
-0.162,1741689372045151336
-0.162,1741689372084419866
-0.162,1741689372124329056
-0.166,1741689372164216603
-0.166,1741689372205541595
-0.167,1741689372244448189
-0.167,1741689372283972598
-0.167,1741689372324210710
-0.172,1741689372364290943
-0.172,1741689372404936770
-0.172,1741689372445573239
-0.172,1741689372484584787
-0.172,1741689372524208319
-0.173,1741689372564171134
-0.173,1741689372604429044
-0.175,1741689372647468310
-0.175,1741689372684056881
-0.175,1741689372724066066
-0.182,1741689372764823601
-0.182,1741689372806769234
-0.177,1741689372848890299
-0.177,1741689372890795723
-0.177,1741689372924160866
-0.172,1741689372964750112
-0.172,1741689373004592201
-0.167,1741689373047095826
-0.167,1741689373085951866
-0.167,1741689373124699124
-0.168,1741689373164573721
-0.168,1741689373204776778
-0.164,1741689373247457109
-0.164,1741689373283977162
-0.164,1741689373324379698
-0.159,1741689373364545152
-0.159,1741689373404771085
-0.159,1741689373445917363
-0.159,1741689373486766801
-0.159,1741689373524759256
-0.161,1741689373564380018
-0.161,1741689373604514121
-0.153,1741689373646770855
-0.153,1741689373684694486
-0.153,1741689373724337531
-0.159,1741689373764342352
-0.159,1741689373805049854
-0.16,1741689373847067191
-0.16,1741689373884551765
-0.16,1741689373924133461
-0.162,1741689373964281942
-0.162,1741689374006121190
-0.161,1741689374045904093
-0.161,1741689374085859983
-0.161,1741689374124543842
-0.162,1741689374164517367
-0.162,1741689374204842497
-0.164,1741689374247053386
-0.164,1741689374284221218
-0.164,1741689374324099596
-0.167,1741689374364747166
-0.167,1741689374405464651
-0.163,1741689374447841274
-0.163,1741689374485016188
-0.163,1741689374524566567
-0.163,1741689374564321555
-0.163,1741689374604988431
-0.164,1741689374648599070
-0.164,1741689374684231456
-0.164,1741689374724375805
-0.163,1741689374764727769
-0.163,1741689374804760369
-0.162,1741689374845171326
-0.162,1741689374885723810
-0.162,1741689374924829041
-0.166,1741689374964639457
-0.166,1741689375004447948
-0.168,1741689375045669552
-0.168,1741689375085491596
-0.168,1741689375124613424
-0.166,1741689375164999578
-0.166,1741689375206057592
-0.168,1741689375247645500
-0.168,1741689375284070408
-0.168,1741689375323897531
-0.172,1741689375364456633
-0.172,1741689375405707352
-0.167,1741689375444607628
-0.167,1741689375484798661
-0.167,1741689375523931031
-0.166,1741689375564535981
-0.166,1741689375604485273
-0.165,1741689375646084514
-0.165,1741689375684313630
-0.165,1741689375724516336
-0.166,1741689375764289184
-0.166,1741689375803868604
-0.161,1741689375848627127
-0.161,1741689375884285279
-0.161,1741689375924330839
-0.164,1741689375964937383
-0.164,1741689376004579014
-0.166,1741689376049059308
-0.166,1741689376085942725
-0.166,1741689376124345906
-0.162,1741689376164646278
-0.162,1741689376204578250
-0.159,1741689376244453152
-0.159,1741689376284559825
-0.159,1741689376324140292
-0.163,1741689376364621536
-0.163,1741689376405456340
-0.16,1741689376448332014
-0.16,1741689376484372978
-0.16,1741689376524327905
-0.163,1741689376564545135
-0.163,1741689376604396951
-0.16,1741689376647951770
-0.16,1741689376686637862
-0.16,1741689376724283556
-0.162,1741689376764797314
-0.162,1741689376804159485
-0.166,1741689376848610582
-0.166,1741689376884222970
-0.166,1741689376924566205
-0.167,1741689376967071256
-0.167,1741689377004134172
-0.166,1741689377046115496
-0.166,1741689377084551136
-0.166,1741689377124009099
-0.161,1741689377164576736
-0.161,1741689377206255710
-0.165,1741689377244003749
-0.165,1741689377285040651
-0.165,1741689377324310377
-0.166,1741689377364320677
-0.166,1741689377405054709
-0.165,1741689377444125487
-0.165,1741689377484766948
-0.165,1741689377524795123
-0.164,1741689377564655371
-0.164,1741689377605297553
-0.161,1741689377645642416
-0.161,1741689377684662184
-0.161,1741689377724046113
-0.159,1741689377764595405
-0.159,1741689377806850472
-0.165,1741689377845505950
-0.165,1741689377884562000
-0.165,1741689377924523465
-0.162,1741689377964675461
-0.162,1741689378004820203
-0.163,1741689378044447331
-0.163,1741689378084555056
-0.163,1741689378124537056
-0.166,1741689378164448117
-0.166,1741689378207492629
-0.168,1741689378246329866
-0.168,1741689378284695554
-0.168,1741689378324296620
-0.161,1741689378365223914
-0.161,1741689378404693143
-0.168,1741689378444396279
-0.168,1741689378484732169
-0.168,1741689378524634533
-0.165,1741689378564367247
-0.165,1741689378607186400
-0.172,1741689378644889215
-0.172,1741689378684399074
-0.172,1741689378724296038
-0.17,1741689378765783153
-0.17,1741689378805231301
-0.165,1741689378848311092
-0.165,1741689378885048073
-0.165,1741689378925134026
-0.166,1741689378966447071
-0.166,1741689379004634772
-0.164,1741689379048584102
-0.164,1741689379084782529
-0.164,1741689379125513954
-0.165,1741689379164498985
-0.165,1741689379204530486
-0.166,1741689379248075458
-0.166,1741689379286632353
-0.166,1741689379325276489
-0.16,1741689379364590891
-0.16,1741689379404624757
-0.161,1741689379444958057
-0.161,1741689379484795810
-0.161,1741689379524436118
-0.163,1741689379564764678
-0.163,1741689379605015076
-0.162,1741689379649226968
-0.162,1741689379684596829
-0.162,1741689379724462256
-0.156,1741689379764699889
-0.156,1741689379804382610
-0.157,1741689379848368883
-0.157,1741689379884361819
-0.157,1741689379924343613
-0.159,1741689379964486881
-0.159,1741689380004555164
-0.166,1741689380046188974
-0.166,1741689380084703732
-0.166,1741689380125254780
-0.161,1741689380165304391
-0.161,1741689380205027716
-0.16,1741689380248277557
-0.16,1741689380284869927
-0.16,1741689380325117574
-0.163,1741689380365574028
-0.163,1741689380405185866
-0.162,1741689380445762955
-0.162,1741689380484389842
-0.162,1741689380524636096
-0.164,1741689380564704043
-0.164,1741689380605774184
-0.164,1741689380646116064
-0.164,1741689380684406996
-0.164,1741689380725899521
-0.165,1741689380764787226
-0.165,1741689380807115931
-0.163,1741689380846505675
-0.163,1741689380884648328
-0.163,1741689380924417452
-0.166,1741689380964546077
-0.166,1741689381004374426
-0.161,1741689381048600875
-0.161,1741689381084516140
-0.161,1741689381124673105
-0.168,1741689381164782918
-0.168,1741689381205820961
-0.166,1741689381244450427
-0.166,1741689381284523278
-0.166,1741689381324853030
-0.17,1741689381364511904
-0.17,1741689381404382370
-0.162,1741689381446168221
-0.162,1741689381484514826
-0.162,1741689381524457013
-0.176,1741689381564635469
-0.176,1741689381605713049
-0.171,1741689381644661568
-0.171,1741689381684811189
-0.171,1741689381724536241
-0.172,1741689381764486854
-0.172,1741689381804675551
-0.172,1741689381849048686
-0.172,1741689381884527640
-0.172,1741689381924325425
-0.174,1741689381967888471
-0.174,1741689382004727516
-0.169,1741689382044448216
-0.169,1741689382085165066
-0.169,1741689382124471698
-0.168,1741689382165136748
-0.168,1741689382204761811
-0.166,1741689382249104992
-0.166,1741689382285510428
-0.166,1741689382324396059
-0.165,1741689382365369871
-0.165,1741689382404748804
-0.166,1741689382448104029
-0.166,1741689382484702511
-0.166,1741689382524865542
-0.158,1741689382564981091
-0.158,1741689382604891550
-0.157,1741689382648483576
-0.157,1741689382686034295
-0.157,1741689382724381466
-0.159,1741689382764745289
-0.159,1741689382806051820
-0.158,1741689382846628688
-0.158,1741689382884640606
-0.158,1741689382924772437
-0.156,1741689382964764535
-0.156,1741689383004944328
-0.156,1741689383046711051
-0.156,1741689383093148579
-0.156,1741689383125673906
-0.16,1741689383165590131
-0.16,1741689383204800400
-0.164,1741689383245160009
-0.164,1741689383286025715
-0.164,1741689383325060422
-0.165,1741689383365664568
-0.165,1741689383411470916
-0.165,1741689383446330853
-0.165,1741689383485761853
-0.165,1741689383524762363
-0.163,1741689383564813911
-0.163,1741689383604702883
-0.168,1741689383646217915
-0.168,1741689383685989428
-0.168,1741689383724963517
-0.164,1741689383764612761
-0.164,1741689383809371707
-0.162,1741689383849392646
-0.162,1741689383885094255
-0.162,1741689383925906747
-0.167,1741689383966007111
-0.167,1741689384005733245
-0.165,1741689384048289631
-0.165,1741689384086404720
-0.165,1741689384125170347
-0.167,1741689384165006791
-0.167,1741689384205981835
-0.167,1741689384246226165
-0.167,1741689384285550080
-0.167,1741689384325198337
-0.165,1741689384365624932
-0.165,1741689384405482116
-0.165,1741689384448116956
-0.165,1741689384485042456
-0.165,1741689384524804766
-0.167,1741689384564743759
-0.167,1741689384607965453
-0.165,1741689384647355787
-0.165,1741689384684995199
-0.165,1741689384724772117
-0.163,1741689384764723996
-0.163,1741689384804822191
-0.164,1741689384845603237
-0.164,1741689384884914868
-0.164,1741689384924860625
-0.163,1741689384965645598
-0.163,1741689385004910057
-0.164,1741689385045579820
-0.164,1741689385085575229
-0.164,1741689385125040645
-0.165,1741689385165037937
-0.165,1741689385206644587
-0.166,1741689385247918518
-0.166,1741689385284733838
-0.166,1741689385324654371
-0.166,1741689385365121159
-0.166,1741689385404933331
-0.163,1741689385445975279
-0.163,1741689385484866796
-0.163,1741689385524660272
-0.166,1741689385564561708
-0.166,1741689385607986611
-0.17,1741689385645691105
-0.17,1741689385686596507
-0.17,1741689385725102844
-0.166,1741689385764965133
-0.166,1741689385804547637
-0.163,1741689385846457307
-0.163,1741689385885930829
-0.163,1741689385924877103
-0.168,1741689385965000511
-0.168,1741689386004822081
-0.163,1741689386050575126
-0.163,1741689386086094536
-0.163,1741689386125005947
-0.165,1741689386165130052
-0.165,1741689386205612825
-0.162,1741689386248077892
-0.162,1741689386285110591
-0.162,1741689386325670315
-0.17,1741689386365413286
-0.17,1741689386405894316
-0.159,1741689386449807556
-0.159,1741689386485667149
-0.159,1741689386525250560
-0.164,1741689386565596467
-0.164,1741689386605125531
-0.166,1741689386650717402
-0.166,1741689386686886539
-0.166,1741689386725258789
-0.166,1741689386765496474
-0.166,1741689386805040799
-0.16,1741689386848773016
-0.16,1741689386889363890
-0.16,1741689386925109240
-0.164,1741689386965338550
-0.164,1741689387007488732
-0.165,1741689387048269431
-0.165,1741689387090102331
-0.165,1741689387125419932
-0.165,1741689387165629608
-0.165,1741689387205496767
-0.164,1741689387245210286
-0.164,1741689387286837755
-0.164,1741689387325525836
-0.166,1741689387365154480
-0.166,1741689387409192507
-0.159,1741689387448786843
-0.159,1741689387485593698
-0.159,1741689387524953167
-0.167,1741689387564941651
-0.167,1741689387607530915
-0.168,1741689387646918980
-0.168,1741689387684923207
-0.168,1741689387725402940
-0.165,1741689387765352169
-0.165,1741689387805283842
-0.168,1741689387846080483
-0.168,1741689387892221789
-0.168,1741689387925589200
-0.165,1741689387965694913
-0.165,1741689388005704749
-0.165,1741689388046589856
-0.165,1741689388085862220
-0.165,1741689388125520226
-0.16,1741689388165564855
-0.16,1741689388205349377
-0.164,1741689388246496915
-0.164,1741689388285201863
-0.164,1741689388325364762
-0.17,1741689388364998881
-0.17,1741689388406059550
-0.166,1741689388446445655
-0.166,1741689388485001172
-0.166,1741689388525045159
-0.167,1741689388565242937
-0.167,1741689388605851405
-0.169,1741689388647714708
-0.169,1741689388688729118
-0.169,1741689388726107431
-0.17,1741689388765563432
-0.17,1741689388805094461
-0.166,1741689388847556922
-0.166,1741689388890080080
-0.166,1741689388925509245
-0.17,1741689388965748644
-0.17,1741689389008292753
-0.166,1741689389045292915
-0.166,1741689389085639326
-0.166,1741689389125126764
-0.169,1741689389165599573
-0.169,1741689389205409579
-0.164,1741689389248461293
-0.164,1741689389285212499
-0.164,1741689389325283855
-0.157,1741689389365017734
-0.157,1741689389405636917
-0.158,1741689389448294362
-0.158,1741689389485310354
-0.158,1741689389525191540
-0.16,1741689389564916712
-0.16,1741689389605152328
-0.156,1741689389648775145
-0.156,1741689389685922261
-0.156,1741689389725709343
-0.157,1741689389765706846
-0.157,1741689389805461345
-0.156,1741689389849099982
-0.156,1741689389885691387
-0.156,1741689389924821930
-0.155,1741689389965404773
-0.155,1741689390005306689
-0.158,1741689390044804813
-0.158,1741689390085558513
-0.158,1741689390125293078
-0.162,1741689390165118419
-0.162,1741689390205455829
-0.162,1741689390245145385
-0.162,1741689390285546248
-0.162,1741689390325538134
-0.165,1741689390365217662
-0.165,1741689390405774358
-0.167,1741689390446119061
-0.167,1741689390485129144
-0.167,1741689390525073688
-0.17,1741689390564925300
-0.17,1741689390608195725
-0.173,1741689390646090514
-0.173,1741689390685303352
-0.173,1741689390725229180
-0.169,1741689390765368292
-0.169,1741689390809609729
-0.174,1741689390848955235
-0.174,1741689390884874916
-0.174,1741689390924931207
-0.172,1741689390965062605
-0.172,1741689391005095411
-0.171,1741689391047514711
-0.171,1741689391085728697
-0.171,1741689391125245953
-0.174,1741689391165717559
-0.174,1741689391205477157
-0.17,1741689391246723993
-0.17,1741689391285706066
-0.17,1741689391325558385
-0.168,1741689391365258337
-0.168,1741689391405778567
-0.164,1741689391446211377
-0.164,1741689391485581136
-0.164,1741689391525641690
-0.167,1741689391565689410
-0.167,1741689391606526267
-0.165,1741689391645554510
-0.165,1741689391685964245
-0.165,1741689391725771746
-0.162,1741689391765770210
-0.162,1741689391805951179
-0.162,1741689391847082240
-0.162,1741689391886211159
-0.162,1741689391925678828
-0.159,1741689391967158137
-0.159,1741689392005198424
-0.158,1741689392046011390
-0.158,1741689392094262066
-0.158,1741689392125251923
-0.157,1741689392165571657
-0.157,1741689392205628379
-0.16,1741689392246907723
-0.16,1741689392285910361
-0.16,1741689392325221320
-0.16,1741689392365589899
-0.16,1741689392405444477
-0.159,1741689392447940251
